{"Episode/rew_action_rate":-0.24103522300720215,"Loss/surrogate":-0.021937074977904557,"Episode/rew_lin_vel_z":-0.23838406801223755,"_wandb":{"runtime":18},"Episode/rew_joint_power":-0.004028378985822201,"iteration":13,"Perf/total_fps":691,"Episode/rew_tracking_lin_vel":0.41996821761131287,"Episode/rew_dof_acc":-0.28561797738075256,"Episode/rew_orientation":-0.026920093223452568,"Train/mean_episode_length":502.77777777777777,"Episode/terrain_level":1.375,"Episode/rew_tracking_ang_vel":0.09983144700527191,"Perf/learning_time":0.08147883415222168,"Time/eta_s":239889.62387652058,"_runtime":18.154364512,"Policy/mean_noise_std":0.9969493746757507,"Console/log":"################################################################################\n                      Learning iteration 13/200000                      \n\n                       Computation: 691 steps/s (collection: 1.076s, learning 0.081s)\n               Value function loss: 0.0430\n                    Surrogate loss: -0.0219\n                   Estimation loss: 0.1222\n                         Swap loss: 0.1060\n             Mean action noise std: 1.00\n                       Mean reward: -15.22\n               Mean episode length: 502.78\n      Mean episode rew_action_rate: -0.2410\n       Mean episode rew_ang_vel_xy: -0.5607\n      Mean episode rew_base_height: -0.0048\n          Mean episode rew_dof_acc: -0.2856\n   Mean episode rew_foot_clearance: -0.0002\n      Mean episode rew_joint_power: -0.0040\n        Mean episode rew_lin_vel_z: -0.2384\n      Mean episode rew_orientation: -0.0269\n       Mean episode rew_smoothness: -0.7148\n Mean episode rew_tracking_ang_vel: 0.0998\n Mean episode rew_tracking_lin_vel: 0.4200\n        Mean episode terrain_level: 1.3750\n        Mean episode max_command_x: 1.0000\n--------------------------------------------------------------------------------\n                   Total timesteps: 11200\n                    Iteration time: 1.16s\n                        Total time: 16.79s\n                               ETA: 239889.6s\n","_timestamp":1.76329555074304e+09,"Loss/Estimation Loss":0.12219090759754181,"Perf/iteration_time":1.1574244499206543,"_step":13,"Loss/learning_rate":1e-05,"Episode/max_command_x":1,"Loss/Swap Loss":0.10602613538503647,"Episode/rew_foot_clearance":-0.000217754568438977,"Perf/collection_time":1.0759456157684326,"Train/mean_reward":-15.21502310037613,"Episode/rew_ang_vel_xy":-0.5606595277786255,"Episode/rew_base_height":-0.004801524803042412,"Loss/value_function":0.04297967664897442,"Train/mean_reward/time":-15.21502310037613,"Time/total_timesteps":11200,"Train/mean_episode_length/time":502.77777777777777,"Time/total_time_s":16.793365240097046,"Episode/rew_smoothness":-0.7148008346557617}